,county,district,id
0,Kepez,Hüsnü Karakaş,92837-767
1,Muratpaşa,Çağlayan,0-15868340
2,Kepez,Sütçüler,92837-795
3,Muratpaşa,Kızılsaray,103168-51
4,Muratpaşa,Yenigün,105872-30
5,Muratpaşa,Muratpaşa,103168-112
6,Kepez,Mehmet Akif Ersoy,72631-563
7,Muratpaşa,Şirinyalı,5226-2962
8,Kepez,Fabrikalar,73389-1625
9,Muratpaşa,Çağlayan,24126-3423
10,Konyaaltı,Altınkum,42638-1328
11,Muratpaşa,Bahçelievler,75911-658
12,Muratpaşa,Güzeloba,43809-514
13,Konyaaltı,Hurma,97965-461
14,Muratpaşa,Kızıltoprak,5779-6492
15,Muratpaşa,Çağlayan,18143-4701
16,Döşemealtı,Altınkale,24687-2934
17,Muratpaşa,Yıldız,73389-1624
18,Konyaaltı,Hurma,87339-796
19,Muratpaşa,Şirinyalı,94744-632
20,Kepez,Kültür,88509-550
21,Muratpaşa,Kızılarık,8646-3059
22,Muratpaşa,Güvenlik,68106-124
23,Kepez,Hüsnü Karakaş,92837-807
24,Kepez,Ahatlı,50734-2766
25,Muratpaşa,Altındağ,3742-2388
26,Kepez,Atatürk,70595-1738
27,Muratpaşa,Muratpaşa,10655-1825
28,Konyaaltı,Uncalı,107448-115
29,Kepez,Altınova Orta,94744-630
30,Muratpaşa,Güzeloba,53141-605
31,Kepez,Ahatlı,99691-737
32,Muratpaşa,Güzeloba,53141-607
33,Konyaaltı,Hurma,109333-35
34,Konyaaltı,Hurma,0-32750624
35,Muratpaşa,Cumhuriyet,102121-238
36,Muratpaşa,Tahılpazarı,10655-1820
37,Konyaaltı,Liman,0-32789917
38,Kepez,Kültür,99691-755
39,Muratpaşa,Yüksekalan,103131-66
40,Muratpaşa,Dutlubahçe,8646-3057
41,Konyaaltı,Hurma,90961-190
42,Konyaaltı,Liman,109333-37
43,Muratpaşa,Güzeloba,53141-604
44,Muratpaşa,Meydankavağı,53984-5296
45,Kepez,Kültür,78725-418
46,Muratpaşa,Yenigün,90534-537
47,Kepez,Ahatlı,99691-756
48,Kepez,Gülveren,96681-524
49,Kepez,Şafak,99691-751
50,Kepez,Fabrikalar,73389-1622
51,Muratpaşa,Güvenlik,8848-1890
52,Muratpaşa,Altındağ,3742-2390
53,Manavgat,Side,63613-423
54,Kepez,Erenköy,104415-34
55,Kepez,Ahatlı,96681-525
56,Kepez,Hüsnü Karakaş,92837-811
57,Kepez,Hüsnü Karakaş,92837-806
58,Muratpaşa,Çaybaşı,3742-2387
59,Kepez,Şelale,691972-1773
60,Kepez,Fabrikalar,82001-145
61,Muratpaşa,Meydankavağı,53984-5294
62,Muratpaşa,Şirinyalı,81838-908
63,Kepez,Çankaya,80174-2160
64,Kepez,Kültür,99691-754
65,Kepez,Ahatlı,96681-526
66,Konyaaltı,Liman,1495-245
67,Kepez,Kültür,96681-520
68,Konyaaltı,Liman,82499-37
69,Muratpaşa,Güzeloba,36064-4325
70,Muratpaşa,Güzeloba,17969-8864
71,Kepez,Özgürlük,8200-3781
72,Konyaaltı,Hurma,65153-399
73,Konyaaltı,Liman,24687-2925
74,Manavgat,Mimar Sinan,95443-308
75,Muratpaşa,Yıldız,73389-1619
76,Manavgat,Side,95443-309
77,Kepez,Kültür,99691-740
78,Muratpaşa,Cumhuriyet,91685-61
79,Kepez,Yeni Doğan,96681-521
80,Alanya,Mahmutlar,82363-882
81,Muratpaşa,Altındağ,3884-881
82,Muratpaşa,Yıldız,73389-1620
83,Muratpaşa,Yıldız,73389-1623
84,Kepez,Teomanpaşa,76239-1076
85,Döşemealtı,Altınkale,24687-2926
86,Kepez,Altınova Orta,91208-290
87,Muratpaşa,Zerdalilik,77527-3120
88,Muratpaşa,Yıldız,77527-3122
89,Alanya,Kestel,93676-281
90,Muratpaşa,Balbey,106629-59
91,Konyaaltı,Molla Yusuf,79472-294
92,Muratpaşa,Güvenlik,691721-37
93,Muratpaşa,Altındağ,77338-507
94,Kepez,Duraliler,10596-2942
95,Kepez,Kazım Karabekir,40474-3519
96,Konyaaltı,Altınkum,38955-2256
97,Muratpaşa,Şirinyalı,4781-989
98,Elmalı,Yeni,108893-55
99,Korkuteli,Yeni,60447-1203
100,Kepez,Fabrikalar,99691-646
101,Kepez,Şafak,99691-662
102,Alanya,Cikcilli,88734-25
103,Konyaaltı,Akkuyu,87339-788
104,Kepez,Hüsnü Karakaş,98151-58
105,Kepez,Varsak Karşıyaka,102121-229
106,Muratpaşa,Gençlik,105875-29
107,Konyaaltı,Hurma,2500-4100
108,Muratpaşa,Güzeloba,3663-549
109,Alanya,Mahmutlar,82363-868
110,Muratpaşa,Kızıltoprak,77527-3052
111,Konyaaltı,Pınarbaşı,69254-1604
112,Konyaaltı,Uncalı,17884-3523
113,Konyaaltı,Hurma,51188-1171
114,Muratpaşa,Meydankavağı,53984-5255
115,Konyaaltı,Hurma,87339-793
116,Kepez,Ahatlı,96681-522
117,Kepez,Yükseliş,70595-1735
118,Kepez,Yeni Doğan,96681-503
119,Konyaaltı,Toros,107448-73
120,Konyaaltı,Altınkum,107448-84
121,Kepez,Mehmet Akif Ersoy,691972-1772
122,Kepez,Şafak,99691-724
123,Muratpaşa,Yüksekalan,106629-52
124,Alanya,Avsallar,55900-958
125,Muratpaşa,Soğuksu,22352-221
126,Alanya,Demirtaş,88841-876
127,Konyaaltı,Uncalı,73055-583
128,Kepez,Yeni Doğan,99691-728
129,Muratpaşa,Deniz,10978-6883
130,Konyaaltı,Uncalı,79472-351
131,Kepez,Kanal,90618-903
132,Konyaaltı,Arapsuyu,73055-649
133,Alanya,Sugözü,88734-39
134,Kepez,Hüsnü Karakaş,92837-810
135,Konyaaltı,Liman,16141-7570
136,Konyaaltı,Uncalı,17884-3544
137,Konyaaltı,Toros,73055-643
138,Konyaaltı,Arapsuyu,45502-1345
139,Muratpaşa,Güzeloba,53984-2974
140,Muratpaşa,Kızıltoprak,77527-3053
141,Muratpaşa,Güvenlik,691721-17
142,Aksu,Altıntaş,5779-6490
143,Kepez,Gündoğdu,60116-579
144,Kepez,Şafak,96681-423
145,Muratpaşa,Güzeloba,17969-8841
146,Muratpaşa,Güzeloba,24126-3409
147,Kepez,Kültür,96681-465
148,Kepez,Gündoğdu,60116-647
149,Muratpaşa,Cumhuriyet,102121-237
150,Kaş,Andifli,81081-283
151,Muratpaşa,Tahılpazarı,10655-1607
152,Kepez,Yeni Emek,76239-1073
153,Muratpaşa,Cumhuriyet,102121-239
154,Muratpaşa,Güzeloba,71742-1712
155,Muratpaşa,Şirinyalı,53984-5276
156,Kepez,Ahatlı,99691-732
157,Alanya,Kestel,93676-674
158,Muratpaşa,Yıldız,73389-1611
159,Konyaaltı,Liman,109333-32
160,Kepez,Şafak,96681-422
161,Kemer,Arslanbucak,95671-168
162,Muratpaşa,Zerdalilik,77527-3105
163,Konyaaltı,Sarısu,0-32694316
164,Kepez,Ahatlı,96681-484
165,Kepez,Ahatlı,96681-513
166,Muratpaşa,Güzeloba,36064-4231
167,Kepez,Ahatlı,96681-474
168,Kepez,Zafer,50734-2676
169,Konyaaltı,Öğretmenevleri,87339-787
170,Kepez,Gülveren,99691-747
171,Konyaaltı,Liman,109333-38
172,Kepez,Yeşilyurt,99691-742
173,Kepez,Erenköy,105872-27
174,Muratpaşa,Dutlubahçe,8646-3053
175,Manavgat,Side,63613-421
176,Alanya,Mahmutlar,0-27216274
177,Kepez,Fabrikalar,78725-401
178,Konyaaltı,Liman,109333-22
179,Konyaaltı,Hurma,109333-2
180,Muratpaşa,Güzeloba,53141-608
181,Konyaaltı,Öğretmenevleri,16141-7574
182,Kepez,Yeni Doğan,96681-504
183,Alanya,Kestel,93676-811
184,Konyaaltı,Altınkum,38955-2260
185,Kepez,Özgürlük,8200-3782
186,Alanya,Cumhuriyet,98706-218
187,Kepez,Erenköy,90618-836
188,Kepez,Fabrikalar,60116-661
189,Konyaaltı,Hurma,16141-7566
190,Kepez,Varsak Karşıyaka,92133-512
191,Alanya,Cikcilli,94612-425
192,Konyaaltı,Pınarbaşı,97965-434
193,Muratpaşa,Fener,81838-882
194,Kepez,Kültür,96681-505
195,Muratpaşa,Güvenlik,53984-4596
196,Muratpaşa,Şirinyalı,80174-2113
197,Konyaaltı,Liman,1820-1345
198,Konyaaltı,Altınkum,42638-1313
199,Muratpaşa,Güzeloba,43809-513
200,Muratpaşa,Kızılarık,0-32666419
201,Muratpaşa,Çaybaşı,106629-70
202,Konyaaltı,Hurma,109333-40
203,Muratpaşa,Varlık,107448-56
204,Konyaaltı,Öğretmenevleri,107448-104
205,Muratpaşa,Soğuksu,88469-395
206,Alanya,Avsallar,55900-957
207,Kepez,Ahatlı,99691-748
208,Kepez,Fabrikalar,96681-460
209,Konyaaltı,Altınkum,99699-62
210,Muratpaşa,Yenigün,105872-9
211,Alanya,Saray,85583-454
212,Muratpaşa,Fener,53984-5165
213,Muratpaşa,Sedir,6273-855
214,Kepez,Kültür,96681-480
215,Kepez,Altınova Orta,100150-58
216,Muratpaşa,Yıldız,73389-1617
217,Konyaaltı,Liman,99578-133
218,Muratpaşa,Etiler,102121-186
219,Konyaaltı,Gürsu,107448-103
220,Muratpaşa,Şirinyalı,36064-4297
221,Muratpaşa,Güzeloba,52431-1219
222,Muratpaşa,Meydankavağı,4781-988
223,Aksu,Altıntaş,10596-2932
224,Konyaaltı,Hurma,87339-780
225,Muratpaşa,Muratpaşa,91557-438
226,Muratpaşa,Gençlik,77527-3124
227,Kepez,Yeni Doğan,96681-466
228,Alanya,Mahmutlar,82363-875
229,Konyaaltı,Liman,18453-84
230,Muratpaşa,Üçgen,77338-511
231,Kepez,Ahatlı,99691-708
232,Kepez,Güneş,106629-75
233,Muratpaşa,Kızılarık,77527-3115
234,Konyaaltı,Gürsu,16141-7551
235,Muratpaşa,Şirinyalı,77527-3123
236,Kepez,Ahatlı,99691-744
237,Muratpaşa,Kızılarık,68114-3636
238,Muratpaşa,Kızılarık,105872-19
239,Kepez,Ünsal,78725-409
240,Döşemealtı,Altınkale,94984-363
241,Alanya,Cikcilli,85583-440
242,Muratpaşa,Kışla,10978-6868
243,Aksu,Kemerağzı,10978-6841
244,Döşemealtı,Yeniköy,102182-32
245,Muratpaşa,Kızılarık,77527-3117
246,Konyaaltı,Hurma,94283-107
247,Muratpaşa,Güvenlik,107448-37
248,Konyaaltı,Akkuyu,101905-288
249,Konyaaltı,Uluç,81581-250
250,Muratpaşa,Güzeloba,24126-3389
251,Muratpaşa,Fener,59368-2361
252,Muratpaşa,Yeşilbahçe,108952-7
253,Kaş,Kalkan,78027-64
254,Kepez,Yeşilyurt,99691-749
255,Alanya,Mahmutlar,82363-762
256,Kepez,Altınova Orta,100150-53
257,Konyaaltı,Gürsu,0-32786943
258,Konyaaltı,Liman,92166-73
259,Kepez,Yeni Doğan,99691-730
260,Muratpaşa,Fener,53984-4793
261,Muratpaşa,Cumhuriyet,88220-202
262,Kepez,Ahatlı,99691-729
263,Muratpaşa,Üçgen,77527-3037
264,Muratpaşa,Altındağ,22352-210
265,Kepez,Yeni Doğan,96681-493
266,Muratpaşa,Fener,94744-534
267,Kepez,Sütçüler,72631-551
268,Konyaaltı,Uncalı,21426-1265
269,Konyaaltı,Kuşkavağı,45502-1204
270,Kepez,Erenköy,90618-888
271,Kepez,Ahatlı,96681-482
272,Konyaaltı,Gürsu,16141-7562
273,Konyaaltı,Toros,88126-104
274,Kepez,Yeşilyurt,99691-743
275,Muratpaşa,Çağlayan,7227-8375
276,Konyaaltı,Hurma,16141-7568
277,Alanya,Avsallar,36751-1536
278,Konyaaltı,Liman,84488-399
279,Konyaaltı,Pınarbaşı,81581-976
280,Kepez,Mehmet Akif Ersoy,72631-555
281,Muratpaşa,Yeşilbahçe,15974-399
282,Muratpaşa,Çağlayan,102121-197
283,Finike,Yeşilyurt,91208-263
284,Muratpaşa,Fener,36064-4248
285,Manavgat,Side,0-32765805
286,Muratpaşa,Dutlubahçe,88416-329
287,Alanya,Kestel,93676-809
288,Kepez,Varsak Karşıyaka,691972-1754
289,Muratpaşa,Gençlik,24713-1544
290,Muratpaşa,Kızılarık,68114-3555
291,Konyaaltı,Gürsu,16141-7559
292,Kemer,Göynük,55020-888
293,Kaş,Kalkan,78027-36
294,Muratpaşa,Fener,4759-565
295,Kepez,Şafak,99691-723
296,Alanya,Kestel,93676-803
297,Konyaaltı,Hurma,87339-792
298,Muratpaşa,Deniz,77338-450
299,Konyaaltı,Gürsu,76239-1081
300,Döşemealtı,Altınkale,24687-2909
301,Kepez,Çankaya,102696-55
302,Konyaaltı,Liman,38955-2261
303,Alanya,Kestel,93676-621
304,Konyaaltı,Gürsu,107448-81
305,Alanya,Mahmutlar,86871-264
306,Kepez,Gülveren,50734-2484
307,Konyaaltı,Hurma,109333-1
308,Konyaaltı,Hurma,109333-41
309,Muratpaşa,Fener,53984-5171
310,Kepez,Yeşilyurt,99691-739
311,Muratpaşa,Güzeloba,18143-4698
312,Muratpaşa,Demircikara,53984-5261
313,Alanya,Kestel,93676-810
314,Kepez,Ahatlı,99691-717
315,Konyaaltı,Gürsu,45502-1224
316,Muratpaşa,Gençlik,7227-8388
317,Kepez,Çankaya,40474-3524
318,Muratpaşa,Güzeloba,43794-420
319,Döşemealtı,Yeniköy,98044-120
320,Muratpaşa,Bahçelievler,43436-604
321,Konyaaltı,Pınarbaşı,2500-4074
322,Kepez,Kuzeyyaka,50668-6871
323,Konyaaltı,Liman,56557-209
324,Alanya,Okurcalar,74500-501
325,Serik,Belek,40047-11
326,Kepez,Şafak,88509-536
327,Kepez,Şafak,96681-424
328,Kaş,Andifli,5401-1231
329,Kepez,Sütçüler,3884-873
330,Kepez,Kuzeyyaka,97708-92
331,Konyaaltı,Hurma,45502-1336
332,Muratpaşa,Yüksekalan,5498-931
333,Muratpaşa,Meydankavağı,81838-903
334,Muratpaşa,Şirinyalı,14448-684
335,Finike,Karşıyaka,92100-163
336,Konyaaltı,Uluç,38955-2259
337,Muratpaşa,Şirinyalı,80174-2142
338,Kepez,Gülveren,52683-10
339,Konyaaltı,Altınkum,45502-1394
340,Konyaaltı,Sarısu,48276-1616
341,Muratpaşa,Çaybaşı,106629-56
342,Muratpaşa,Güzeloba,31226-1453
343,Muratpaşa,Güzeloba,53141-606
344,Muratpaşa,Meydankavağı,53984-5269
345,Kepez,Yeni Doğan,88509-524
346,Alanya,Mahmutlar,82363-840
347,Kepez,Yeşiltepe,60116-668
348,Kepez,Ahatlı,96681-506
349,Muratpaşa,Gençlik,24713-1976
350,Konyaaltı,Hurma,1820-1342
351,Konyaaltı,Uluç,79472-104
352,Muratpaşa,Meydankavağı,10059-1130
353,Konyaaltı,Liman,76688-882
354,Konyaaltı,Uncalı,77338-492
355,Muratpaşa,Fener,4759-566
356,Muratpaşa,Şirinyalı,53984-5251
357,Kepez,Kültür,0-32608966
358,Muratpaşa,Çağlayan,4179-1360
359,Muratpaşa,Fener,17969-7895
360,Konyaaltı,Gürsu,107448-77
361,Alanya,Kestel,93676-631
362,Kepez,Altınova Orta,100150-57
363,Konyaaltı,Hurma,109450-8
364,Kepez,Barış,70595-1732
365,Kepez,Ünsal,102372-65
366,Konyaaltı,Hurma,45502-1272
367,Konyaaltı,Öğretmenevleri,107448-72
368,Konyaaltı,Toros,51188-1165
369,Alanya,Oba,44802-3016
370,Konyaaltı,Uncalı,27323-2798
371,Muratpaşa,Çağlayan,43794-434
372,Alanya,Tosmur,100279-55
373,Döşemealtı,Altınkale,94984-358
374,Konyaaltı,Pınarbaşı,73055-605
375,Kepez,Yeşilyurt,96681-497
376,Konyaaltı,Hurma,50997-306
377,Kepez,Emek,10978-6795
378,Muratpaşa,Gençlik,63922-20
379,Konyaaltı,Hurma,0-32781640
380,Muratpaşa,Tarım,101221-195
381,Kemer,Çamyuva,0-32769373
382,Konyaaltı,Liman,90534-526
383,Konyaaltı,Liman,92166-77
384,Alanya,Şekerhane,6545-1238
385,Muratpaşa,Meltem,77380-545
386,Kepez,Kütükçü,50668-6858
387,Muratpaşa,Güzeloba,3648-2768
388,Muratpaşa,Güzeloba,36064-4216
389,Kaş,Andifli,5401-1232
390,Kepez,Teomanpaşa,691972-1673
391,Muratpaşa,Yıldız,73389-1616
392,Kepez,Ahatlı,50734-2756
393,Muratpaşa,Etiler,101221-167
394,Muratpaşa,Kışla,10978-6867
395,Konyaaltı,Hurma,16141-7569
396,Muratpaşa,Çağlayan,4179-1364
397,Alanya,Cikcilli,98706-208
398,Muratpaşa,Güzeloba,3648-2762
399,Kepez,Yeşilyurt,96681-469
400,Muratpaşa,Fener,109276-1
401,Kepez,Kültür,50734-2066
402,Muratpaşa,Kızıltoprak,53984-5239
403,Alanya,Oba,85583-448
404,Muratpaşa,Varlık,43794-429
405,Kepez,Ahatlı,88509-542
406,Muratpaşa,Çağlayan,17969-7922
407,Muratpaşa,Yeşilbahçe,80174-2079
408,Kepez,Göksu,14448-627
409,Muratpaşa,Güzeloluk,4179-1369
410,Serik,Belek,40047-10
411,Kaş,Kalkan,78027-37
412,Kepez,Yeşilyurt,88509-537
413,Kepez,Ünsal,102372-68
414,Konyaaltı,Uncalı,107448-102
415,Kepez,Teomanpaşa,0-32666039
416,Konyaaltı,Uluç,73055-619
417,Muratpaşa,Meydankavağı,96512-296
418,Konyaaltı,Uncalı,81581-838
419,Manavgat,Eski Hisar,0-32686021
420,Kepez,Ahatlı,96681-492
421,Kemer,Arslanbucak,95671-124
422,Konyaaltı,Molla Yusuf,45502-1113
423,Kepez,Çankaya,102696-37
424,Kepez,Göksu,77527-2881
425,Konyaaltı,Hurma,0-32519122
426,Muratpaşa,Sedir,91685-56
427,Muratpaşa,Gençlik,53984-4700
428,Muratpaşa,Muratpaşa,102121-178
429,Kepez,Teomanpaşa,691972-1764
430,Muratpaşa,Dutlubahçe,89009-1302
431,Kepez,Atatürk,8200-3760
432,Kepez,Çankaya,102696-36
433,Konyaaltı,Altınkum,31445-700
434,Muratpaşa,Çağlayan,33100-6738
435,Kepez,Fabrikalar,76239-1069
436,Konyaaltı,Liman,18453-59
437,Konyaaltı,Hurma,51188-1172
438,Konyaaltı,Liman,109333-24
439,Muratpaşa,Güzeloba,52431-1209
440,Muratpaşa,Yeşilbahçe,53984-5280
441,Muratpaşa,Zerdalilik,89009-1305
442,Konyaaltı,Hurma,18453-82
443,Kepez,Ünsal,83498-69
444,Kepez,Özgürlük,102696-52
445,Alanya,Cumhuriyet,106692-3
446,Kepez,Kültür,88509-520
447,Konyaaltı,Pınarbaşı,107448-69
448,Kepez,Yeni Doğan,99691-727
449,Konyaaltı,Arapsuyu,71742-1610
450,Konyaaltı,Liman,82499-38
451,Konyaaltı,Öğretmenevleri,45502-1333
452,Muratpaşa,Güzeloba,17969-8366
453,Muratpaşa,Kızılarık,102121-167
454,Konyaaltı,Uncalı,73055-603
455,Kepez,Kütükçü,72631-483
456,Muratpaşa,Meydankavağı,53984-5288
457,Kepez,Çamlıbel,60116-581
458,Konyaaltı,Uncalı,107448-100
459,Muratpaşa,Güzeloba,17969-8365
460,Konyaaltı,Gürsu,21426-1245
461,Konyaaltı,Hurma,109333-31
462,Muratpaşa,Bayındır,25378-719
463,Alanya,Kestel,93676-782
464,Muratpaşa,Güzeloba,24126-2741
465,Muratpaşa,Güvenlik,22352-211
466,Döşemealtı,Altınkale,94984-355
467,Muratpaşa,Yenigün,77527-1986
468,Konyaaltı,Öğretmenevleri,4799-11338
469,Kepez,Yeni Doğan,96681-448
470,Muratpaşa,Şirinyalı,1068-3477
471,Konyaaltı,Uluç,45502-1274
472,Konyaaltı,Altınkum,45502-1486
473,Konyaaltı,Pınarbaşı,107448-43
474,Kepez,Hüsnü Karakaş,92837-751
475,Muratpaşa,Bayındır,25378-718
476,Muratpaşa,Zümrütova,10978-6876
477,Muratpaşa,Altındağ,8560-826
478,Konyaaltı,Uluç,73055-647
479,Konyaaltı,Kuşkavağı,45502-1263
480,Konyaaltı,Gürsu,45502-1255
481,Kepez,Çankaya,90534-532
482,Finike,Yeni,109306-7
483,Muratpaşa,Yeşildere,53984-4743
484,Konyaaltı,Öğretmenevleri,45502-1352
485,Konyaaltı,Arapsuyu,88351-148
486,Konyaaltı,Uncalı,107448-105
487,Muratpaşa,Yeşilbahçe,7933-678
488,Konyaaltı,Uncalı,107448-78
489,Muratpaşa,Deniz,1837-2142
490,Muratpaşa,Kızıltoprak,89121-128
491,Konyaaltı,Liman,18453-64
492,Muratpaşa,Cumhuriyet,77527-3043
493,Manavgat,Side,26787-289
494,Konyaaltı,Liman,95676-258
495,Muratpaşa,Çağlayan,7227-8355
496,Muratpaşa,Altındağ,691721-41
497,Kepez,Ahatlı,96681-456
498,Konyaaltı,Liman,99578-66
499,Kepez,Gündoğdu,0-32637254
500,Muratpaşa,Güzeloba,71299-603
501,Konyaaltı,Kuşkavağı,39326-1581
502,Alanya,Cikcilli,94612-453
503,Kepez,Hüsnü Karakaş,92837-769
504,Muratpaşa,Kızıltoprak,101221-188
505,Muratpaşa,Güzeloba,4759-567
506,Kepez,Gündoğdu,89121-131
507,Muratpaşa,Güzeloba,44067-868
508,Muratpaşa,Güvenlik,107448-40
509,Muratpaşa,Şirinyalı,53984-5064
510,Kepez,Varsak Karşıyaka,102372-72
511,Konyaaltı,Hurma,10596-2877
512,Muratpaşa,Meydankavağı,58538-856
513,Konyaaltı,Gürsu,1820-1335
514,Kepez,Varsak Karşıyaka,43222-725
515,Korkuteli,Aşağıpazar,60464-582
516,Konyaaltı,Uncalı,21426-1268
517,Konyaaltı,Öğretmenevleri,38955-2237
518,Kepez,Yeşilyurt,109276-4
519,Alanya,Çarşı,97195-127
520,Konyaaltı,Pınarbaşı,21426-1267
521,Muratpaşa,Yeşilbahçe,10978-6747
522,Muratpaşa,Gebizli,98800-12
523,Muratpaşa,Şirinyalı,90618-901
524,Muratpaşa,Meydankavağı,81838-906
525,Kepez,Ahatlı,96681-462
526,Muratpaşa,Doğuyaka,53984-5289
527,Muratpaşa,Şirinyalı,10655-1718
528,Muratpaşa,Fener,24126-3418
529,Muratpaşa,Çağlayan,44770-177
530,Alanya,Kestel,93676-587
531,Muratpaşa,Yeşilbahçe,17969-8345
532,Kepez,Yeşilyurt,52431-1260
533,Muratpaşa,Fener,53984-5179
534,Kemer,Merkez,95671-171
535,Konyaaltı,Altınkum,107448-76
536,Konyaaltı,Liman,10978-6874
537,Kepez,Yeni Doğan,96681-486
538,Muratpaşa,Fener,43794-433
539,Kepez,Özgürlük,8560-825
540,Alanya,Büyükhasbahçe,100279-28
541,Muratpaşa,Fener,2464-4578
542,Kepez,Fabrikalar,0-30385503
543,Kepez,Baraj,92837-803
544,Konyaaltı,Liman,55020-701
545,Konyaaltı,Uncalı,45502-609
546,Kepez,Hüsnü Karakaş,92837-774
547,Konyaaltı,Hurma,87339-760
548,Konyaaltı,Uncalı,0-32347142
549,Konyaaltı,Liman,16141-7413
550,Kepez,Ahatlı,88509-544
551,Muratpaşa,Gebizli,77527-2912
552,Kepez,Duraliler,10596-2910
553,Muratpaşa,Fener,43794-360
554,Alanya,Mahmutlar,82363-722
555,Konyaaltı,Kuşkavağı,45502-891
556,Döşemealtı,Altınkale,94984-331
557,Muratpaşa,Üçgen,30590-1168
558,Muratpaşa,Çağlayan,24126-3421
559,Konyaaltı,Hurma,95676-207
560,Korkuteli,Aşağıpazar,60447-1131
561,Aksu,Macun,97307-41
562,Konyaaltı,Uncalı,21426-1263
563,Kepez,Kültür,50751-3782
564,Kepez,Kütükçü,50668-6825
565,Muratpaşa,Güzeloba,24126-3356
566,Muratpaşa,Güvenlik,67613-447
567,Kepez,Yeni Doğan,96681-510
568,Döşemealtı,Tomalar,76466-199
569,Muratpaşa,Demircikara,77527-2153
570,Muratpaşa,Şirinyalı,4179-1377
571,Muratpaşa,Konuksever,77527-2983
572,Serik,Belek,40047-77
573,Konyaaltı,Molla Yusuf,45502-1176
574,Muratpaşa,Güzeloba,17969-8641
575,Kepez,Yeni Doğan,109276-7
576,Kepez,Ahatlı,96681-478
577,Muratpaşa,Fener,105875-26
578,Konyaaltı,Uncalı,107448-74
579,Muratpaşa,Haşimişcan,98905-241
580,Muratpaşa,Çağlayan,43794-428
581,Kepez,Göksu,1620-24
582,Kepez,Şafak,96681-500
583,Muratpaşa,Güzeloba,53141-601
584,Kepez,Ünsal,102372-61
585,Muratpaşa,Meydankavağı,101221-174
586,Muratpaşa,Fener,4759-546
587,Alanya,Kestel,94612-448
588,Konyaaltı,Uncalı,50997-301
589,Konyaaltı,Uncalı,81581-982
590,Muratpaşa,Gençlik,24694-768
591,Alanya,Mahmutlar,89095-242
592,Muratpaşa,Konuksever,77527-2984
593,Muratpaşa,Güzeloba,3648-2743
594,Konyaaltı,Kuşkavağı,50997-283
595,Kepez,Ayanoğlu,106629-26
596,Konyaaltı,Kuşkavağı,45502-1378
597,Kepez,Mehmet Akif Ersoy,92837-688
598,Muratpaşa,Varlık,30590-1159
599,Konyaaltı,Uncalı,73055-632
600,Muratpaşa,Kızıltoprak,101221-168
601,Muratpaşa,Çağlayan,17969-8664
602,Konyaaltı,Altınkum,81581-940
603,Konyaaltı,Uncalı,38955-2239
604,Muratpaşa,Meydankavağı,4681-2250
605,Muratpaşa,Kızıltoprak,5779-6416
606,Muratpaşa,Güzeloba,36064-4280
607,Konyaaltı,Pınarbaşı,88126-106
608,Muratpaşa,Kızıltoprak,105872-11
609,Kepez,Sütçüler,22352-223
610,Muratpaşa,Balbey,30590-1156
611,Konyaaltı,Hurma,53984-5268
612,Muratpaşa,Muratpaşa,17969-8729
613,Konyaaltı,Altınkum,79472-121
614,Muratpaşa,Kızılsaray,14448-673
615,Muratpaşa,Meydankavağı,91407-265
616,Konyaaltı,Liman,99578-165
617,Kepez,Ahatlı,103602-99
618,Serik,Belek,40047-13
619,Konyaaltı,Molla Yusuf,45502-1194
620,Kepez,Ahatlı,96681-483
621,Konyaaltı,Arapsuyu,45502-1346
622,Muratpaşa,Altındağ,77338-498
623,Kepez,Kültür,45502-1137
624,Kepez,Şafak,96681-479
625,Konyaaltı,Altınkum,107448-57
626,Konyaaltı,Pınarbaşı,53984-5264
627,Konyaaltı,Gürsu,107448-88
628,Muratpaşa,Yüksekalan,77527-3060
629,Kepez,Göksu,17969-8233
630,Konyaaltı,Hurma,99578-160
631,Konyaaltı,Uncalı,81581-422
632,Kepez,Ahatlı,96681-458
633,Muratpaşa,Gebizli,102121-192
634,Konyaaltı,Arapsuyu,45502-1319
635,Muratpaşa,Etiler,52431-1208
636,Konyaaltı,Liman,13256-1676
637,Konyaaltı,Uncalı,85347-901
638,Muratpaşa,Çağlayan,14448-670
639,Muratpaşa,Güzeloba,4759-556
640,Muratpaşa,Bayındır,25378-550
641,Kepez,Kültür,50734-2245
642,Kepez,Ahatlı,99691-716
643,Konyaaltı,Hurma,53984-5085
644,Konyaaltı,Sarısu,67071-287
645,Kepez,Ahatlı,96681-472
646,Konyaaltı,Sarısu,2500-4071
647,Konyaaltı,Hurma,16141-7412
648,Konyaaltı,Liman,2500-4073
649,Konyaaltı,Gürsu,45502-1476
650,Konyaaltı,Sarısu,48276-1617
651,Alanya,Kızlar Pınarı,6545-1232
652,Döşemealtı,Yeşilbayır,103040-22
653,Muratpaşa,Varlık,45502-1301
654,Muratpaşa,Güzeloba,53984-5195
655,Konyaaltı,Uncalı,21426-1248
656,Muratpaşa,Güzeloba,4759-557
657,Muratpaşa,Yıldız,73389-1609
658,Konyaaltı,Pınarbaşı,97965-435
659,Alanya,Oba,85583-447
660,Konyaaltı,Arapsuyu,21426-1257
661,Konyaaltı,Molla Yusuf,24687-2914
662,Konyaaltı,Pınarbaşı,45502-1462
663,Kepez,Kültür,50734-2754
664,Kepez,Ahatlı,107448-38
665,Muratpaşa,Güzeloba,17969-8352
666,Muratpaşa,Yeşilbahçe,4179-1386
667,Kepez,Sütçüler,92837-800
668,Muratpaşa,Çağlayan,24126-3403
669,Kepez,Kültür,96681-502
670,Konyaaltı,Akkuyu,85347-928
671,Konyaaltı,Uncalı,81581-914
672,Konyaaltı,Sarısu,10485-2167
673,Muratpaşa,Kızılarık,68114-3594
674,Muratpaşa,Çağlayan,4759-550
675,Konyaaltı,Uluç,21426-1256
676,Muratpaşa,Çağlayan,4759-555
677,Konyaaltı,Uluç,0-32621847
678,Muratpaşa,Fener,94744-533
679,Konyaaltı,Hurma,2500-4090
680,Muratpaşa,Tarım,42264-199
681,Muratpaşa,Bayındır,24077-1519
682,Muratpaşa,Kızılsaray,8646-3050
683,Muratpaşa,Güzeloba,53141-602
684,Muratpaşa,Sinan,98905-255
685,Konyaaltı,Hurma,18453-34
686,Konyaaltı,Hurma,95676-126
687,Muratpaşa,Balbey,106629-60
688,Muratpaşa,Güzeloba,106641-116
689,Kepez,Güneş,65153-394
690,Alanya,Mahmutlar,82363-842
691,Kepez,Kültür,88509-500
692,Muratpaşa,Güzeloba,17969-8803
693,Muratpaşa,Kızılsaray,8797-467
694,Muratpaşa,Güzeloba,42658-1126
695,Konyaaltı,Molla Yusuf,107448-41
696,Muratpaşa,Cumhuriyet,91685-59
697,Alanya,Kestel,70919-1987
698,Muratpaşa,Çağlayan,7227-8363
699,Muratpaşa,Yeşilbahçe,37871-478
700,Kepez,Varsak Karşıyaka,92837-791
701,Muratpaşa,Çağlayan,43794-430
702,Muratpaşa,Çağlayan,4759-548
703,Muratpaşa,Kızılarık,88416-296
704,Döşemealtı,Altınkale,94984-364
705,Kepez,Kuzeyyaka,77527-2922
706,Muratpaşa,Tahılpazarı,10655-1811
707,Kemer,Merkez,49128-1193
708,Kepez,Baraj,92837-555
709,Muratpaşa,Güzelbağ,80174-2034
710,Muratpaşa,Fener,43794-395
711,Muratpaşa,Çağlayan,24126-3411
712,Kemer,Göynük,93808-62
713,Kepez,Hüsnü Karakaş,92837-29
714,Kepez,Hüsnü Karakaş,691972-1752
715,Kumluca,Bağlık,93358-95
716,Muratpaşa,Güzeloba,52431-1213
717,Alanya,Saray,85583-446
718,Alanya,Güller Pınarı,88841-803
719,Kepez,Mehmet Akif Ersoy,103168-95
720,Konyaaltı,Hurma,107448-42
721,Muratpaşa,Fener,59368-2354
722,Muratpaşa,Kızılsaray,76239-1074
723,Konyaaltı,Liman,1820-1272
724,Muratpaşa,Yıldız,50734-2763
725,Kepez,Fabrikalar,10655-1816
726,Muratpaşa,Güzeloba,4179-1388
727,Konyaaltı,Hurma,87339-772
728,Kepez,Yeşiltepe,70595-1737
729,Muratpaşa,Altındağ,91225-197
730,Konyaaltı,Hurma,87339-773
731,Muratpaşa,Konuksever,102121-241
732,Muratpaşa,Yeşilova,10978-6842
733,Muratpaşa,Meydankavağı,81838-902
734,Muratpaşa,Sedir,43222-709
735,Kumluca,Bağlık,95290-83
736,Alanya,Cikcilli,85583-452
737,Kepez,Ünsal,83498-70
738,Aksu,Kemerağzı,17969-8857
739,Kepez,Kültür,43222-679
740,Muratpaşa,Güzelbağ,72631-541
741,Muratpaşa,Güzeloba,17969-8561
742,Kepez,Kültür,103602-13
743,Muratpaşa,Yeşilbahçe,53984-3713
744,Muratpaşa,Meltem,77527-2259
745,Manavgat,Aydınevler,60497-76
746,Muratpaşa,Çağlayan,17969-8809
747,Konyaaltı,Uncalı,17884-3477
748,Muratpaşa,Üçgen,77527-2959
749,Konyaaltı,Hurma,18453-70
750,Muratpaşa,Meydankavağı,53984-5265
751,Konyaaltı,Hurma,103865-14
752,Aksu,Kemerağzı,7227-8339
753,Muratpaşa,Soğuksu,76239-1071
754,Konyaaltı,Molla Yusuf,107448-80
755,Kepez,Erenköy,73397-182
756,Muratpaşa,Güzeloba,5226-2954
757,Konyaaltı,Hurma,48276-1610
758,Muratpaşa,Meydankavağı,53984-5090
759,Muratpaşa,Çağlayan,17969-8849
760,Konyaaltı,Kuşkavağı,45502-1379
761,Konyaaltı,Sarısu,2500-4081
762,Kumluca,Bağlık,95290-76
763,Konyaaltı,Liman,38955-2244
764,Muratpaşa,Yıldız,73389-1615
765,Kepez,Göksu,1620-23
766,Muratpaşa,Güvenlik,29130-1149
767,Konyaaltı,Altınkum,107448-64
768,Konyaaltı,Liman,109333-23
769,Muratpaşa,Yeşilbahçe,42264-198
770,Konyaaltı,Hurma,87339-771
771,Muratpaşa,Güzeloba,36064-4281
772,Kepez,Şafak,96681-499
773,Muratpaşa,Kızılarık,53984-5290
774,Muratpaşa,Varlık,22352-222
775,Aksu,Kemerağzı,96512-364
776,Muratpaşa,Meydankavağı,88855-255
777,Kepez,Karşıyaka,43794-426
778,Kepez,Yeni Emek,92837-776
779,Konyaaltı,Liman,55020-879
780,Manavgat,Side,26787-286
781,Konyaaltı,Liman,99578-59
782,Konyaaltı,Hurma,48276-1598
783,Konyaaltı,Uncalı,17884-3521
784,Kepez,Düdenbaşı,60116-634
785,Konyaaltı,Kuşkavağı,39326-1570
786,Kepez,Göksu,1620-29
787,Konyaaltı,Akkuyu,38594-398
788,Konyaaltı,Liman,95676-265
789,Muratpaşa,Fener,43794-397
790,Konyaaltı,Kuşkavağı,68524-181
791,Kepez,Ahatlı,691972-1756
792,Kepez,Teomanpaşa,77527-2913
793,Konyaaltı,Uncalı,109346-10
794,Konyaaltı,Hurma,109333-20
795,Muratpaşa,Çağlayan,24126-3410
796,Muratpaşa,Güzeloba,94744-476
797,Kepez,Hüsnü Karakaş,92837-525
798,Konyaaltı,Altınkum,73055-601
799,Konyaaltı,Liman,99578-196
800,Konyaaltı,Kuşkavağı,45502-1235
801,Muratpaşa,Kızıltoprak,21055-1756
802,Konyaaltı,Altınkum,107448-107
803,Konyaaltı,Uncalı,89121-120
804,Kepez,Erenköy,96872-221
805,Muratpaşa,Şirinyalı,53984-4213
806,Muratpaşa,Kızıltoprak,96512-301
807,Konyaaltı,Uncalı,107448-79
808,Muratpaşa,Yeşilbahçe,24126-3332
809,Kepez,Duraliler,2464-4236
810,Muratpaşa,Şirinyalı,59368-2318
811,Konyaaltı,Uncalı,107448-86
812,Kemer,Çamyuva,49128-1202
813,Muratpaşa,Çağlayan,17969-8743
814,Alanya,Oba,85583-367
815,Kepez,Göksu,17969-8238
816,Muratpaşa,Güzeloba,42264-188
817,Gazipaşa,Pazarcı,0-30942735
818,Muratpaşa,Kışla,8560-813
819,Konyaaltı,Uncalı,81581-846
820,Kepez,Altınova Düden,55020-883
821,Kumluca,Kasapçayırı,39015-191
822,Muratpaşa,Fener,43809-510
823,Muratpaşa,Fener,17969-8438
824,Döşemealtı,Yeniköy,76466-216
825,Konyaaltı,Toros,73055-578
826,Konyaaltı,Gürsu,45502-1359
827,Kepez,Göksu,17969-8219
828,Konyaaltı,Sarısu,99578-166
829,Konyaaltı,Hurma,109333-39
830,Muratpaşa,Meydankavağı,0-32673850
831,Konyaaltı,Arapsuyu,17884-3519
832,Kepez,Hüsnü Karakaş,92837-4
833,Kepez,Erenköy,96872-284
834,Muratpaşa,Meltem,24694-766
835,Manavgat,Side,26787-291
836,Kepez,Ünsal,102372-67
837,Muratpaşa,Meydankavağı,31883-1045
838,Muratpaşa,Gebizli,102121-177
839,Kepez,Çankaya,40474-3520
840,Muratpaşa,Bayındır,64633-98
841,Muratpaşa,Kızılarık,102121-206
842,Muratpaşa,Yenigün,17969-8142
843,Muratpaşa,Güzeloba,106641-115
844,Muratpaşa,Altındağ,21721-767
845,Muratpaşa,Varlık,30590-1155
846,Konyaaltı,Arapsuyu,17884-3492
847,Konyaaltı,Molla Yusuf,17884-3502
848,Kepez,Atatürk,90618-863
849,Aksu,Altıntaş,102121-163
850,Muratpaşa,Yeşilbahçe,21721-582
851,Muratpaşa,Sedir,8848-1883
852,Konyaaltı,Hurma,90961-188
853,Alanya,Cumhuriyet,85583-407
854,Konyaaltı,Sarısu,95676-264
855,Manavgat,Emek,95443-229
856,Konyaaltı,Liman,53984-5122
857,Konyaaltı,Hurma,99578-7
858,Muratpaşa,Deniz,77338-471
859,Konyaaltı,Gürsu,16141-7554
860,Konyaaltı,Hurma,18453-90
861,Kepez,Kültür,88509-545
862,Konyaaltı,Hurma,81462-55
863,Konyaaltı,Kuşkavağı,45502-1279
864,Kepez,Kültür,88509-492
865,Muratpaşa,Yeşilbahçe,89225-123
866,Konyaaltı,Pınarbaşı,107448-87
867,Kepez,Varsak Karşıyaka,0-32702840
868,Konyaaltı,Uncalı,21426-1192
869,Muratpaşa,Yenigün,89121-127
870,Kepez,Kültür,50734-2625
871,Kepez,Kültür,88351-34
872,Konyaaltı,Uncalı,81581-944
873,Muratpaşa,Çağlayan,53141-595
874,Kepez,Varsak Karşıyaka,60116-603
875,Muratpaşa,Güvenlik,60116-664
876,Muratpaşa,Meltem,109450-28
877,Muratpaşa,Güzeloba,4179-1387
878,Konyaaltı,Hurma,79472-293
879,Kepez,Şafak,99691-745
880,Muratpaşa,Üçgen,77527-2791
881,Döşemealtı,Çıplaklı,0-32613418
882,Konyaaltı,Gürsu,17969-8786
883,Konyaaltı,Hurma,50734-1521
884,Muratpaşa,Meydankavağı,53984-5010
885,Konyaaltı,Toros,81581-849
886,Muratpaşa,Deniz,10978-6853
887,Konyaaltı,Liman,92166-23
888,Muratpaşa,Çağlayan,17969-8436
889,Kepez,Zafer,0-32382459
890,Konyaaltı,Hurma,84488-377
891,Konyaaltı,Hurma,84488-378
892,Muratpaşa,Fener,2196-1075
893,Muratpaşa,Altındağ,21721-768
894,Muratpaşa,Muratpaşa,17969-8689
895,Alanya,Mahmutlar,66404-736
896,Konyaaltı,Uncalı,107448-108
897,Kepez,Kültür,88509-497
898,Konyaaltı,Molla Yusuf,28315-10
899,Muratpaşa,Konuksever,53984-5260
900,Muratpaşa,Yeşilbahçe,4179-1379
901,Konyaaltı,Uncalı,81581-971
902,Alanya,Mahmutlar,54569-1263
903,Muratpaşa,Meydankavağı,9967-2481
904,Kepez,Kültür,50734-2689
905,Muratpaşa,Fener,43794-419
906,Kepez,Altınova Orta,94744-617
907,Muratpaşa,Çağlayan,81838-880
908,Konyaaltı,Sarısu,23995-2611
909,Muratpaşa,Muratpaşa,77251-898
910,Konyaaltı,Altınkum,38955-2247
911,Kepez,Yeni Doğan,50734-2681
912,Muratpaşa,Çağlayan,46100-635
913,Kepez,Altınova Orta,94744-606
914,Muratpaşa,Fener,43794-432
915,Kumluca,Eskicami,691687-187
916,Kepez,Yeşilyurt,88509-528
917,Muratpaşa,Güvenlik,0-32790338
918,Muratpaşa,Yeşilbahçe,53984-5258
919,Muratpaşa,Güzeloba,17969-8779
920,Muratpaşa,Üçgen,77251-904
921,Konyaaltı,Uluç,73055-635
922,Muratpaşa,Altındağ,71742-1696
923,Kepez,Zafer,70595-1739
924,Muratpaşa,Üçgen,8646-3056
925,Konyaaltı,Hurma,67071-294
926,Muratpaşa,Güzeloba,52431-1230
927,Muratpaşa,Güvenlik,81452-130
928,Muratpaşa,Güzeloba,94744-363
929,Muratpaşa,Gençlik,53984-4952
930,Kepez,Gülveren,103602-150
931,Kepez,Ahatlı,103602-147
932,Kepez,Göksu,77527-3086
933,Konyaaltı,Gürsu,57398-348
934,Muratpaşa,Çağlayan,17969-8766
935,Muratpaşa,Fener,37871-185
936,Kepez,Kültür,78725-404
937,Muratpaşa,Güzeloba,53141-594
938,Manavgat,Yayla,95443-283
939,Muratpaşa,Çaybaşı,53984-4991
940,Serik,Belek,94258-145
941,Konyaaltı,Kuşkavağı,45502-1284
942,Aksu,Kemerağzı,36064-4228
943,Konyaaltı,Hurma,2500-3967
944,Serik,Kadriye,94258-149
945,Kepez,Hüsnü Karakaş,92837-771
946,Muratpaşa,Meydankavağı,0-32725864
947,Kepez,Şafak,95958-67
948,Kepez,Yeni Doğan,50734-2713
949,Konyaaltı,Hurma,53984-5059
950,Muratpaşa,Kızılarık,68114-3599
951,Kepez,Özgürlük,82598-184
952,Muratpaşa,Güzeloba,17969-8733
953,Manavgat,Side,63613-403
954,Muratpaşa,Şirinyalı,17969-8344
955,Konyaaltı,Gürsu,45502-1467
956,Konyaaltı,Altınkum,107448-83
957,Muratpaşa,Sedir,63922-11
958,Konyaaltı,Liman,1820-1319
959,Kepez,Ahatlı,78725-361
960,Kepez,Ahatlı,103602-146
961,Muratpaşa,Kızılarık,42264-200
962,Muratpaşa,Muratpaşa,77251-891
963,Kepez,Gülveren,78725-353
964,Konyaaltı,Uluç,45502-825
965,Konyaaltı,Uncalı,45502-862
966,Muratpaşa,Güvenlik,691721-42
967,Konyaaltı,Gürsu,45502-1256
968,Kepez,Şafak,82001-82
969,Muratpaşa,Fener,94744-573
970,Konyaaltı,Arapsuyu,45502-1452
971,Alanya,Mahmutlar,99104-234
972,Kepez,Gazi,51418-2050
973,Kepez,Şelale,65153-362
974,Muratpaşa,Meltem,1774-967
975,Muratpaşa,Fener,15505-435
976,Döşemealtı,Yeniköy,48118-2033
977,Muratpaşa,Şirinyalı,17969-8800
978,Muratpaşa,Kızıltoprak,9967-2476
979,Kepez,Kültür,88509-526
980,Muratpaşa,Fener,43809-512
981,Muratpaşa,Güzeloba,17969-8337
982,Aksu,Kemerağzı,17969-8562
983,Kepez,Özgürlük,8200-3716
984,Muratpaşa,Muratpaşa,77251-901
985,Alanya,Mahmutlar,66404-770
986,Konyaaltı,Molla Yusuf,45502-698
987,Konyaaltı,Liman,99578-144
988,Serik,Belek,72247-319
989,Konyaaltı,Altınkum,107448-106
990,Muratpaşa,Şirinyalı,4179-1204
991,Alanya,Kestel,44802-3000
992,Konyaaltı,Arapsuyu,63780-229
993,Kepez,Özgürlük,107448-67
994,Muratpaşa,Çağlayan,59368-2259
995,Konyaaltı,Toros,81581-950
996,Muratpaşa,Altındağ,8560-801
997,Kepez,Kültür,39326-1568
998,Muratpaşa,Çaybaşı,5779-6400
999,Konyaaltı,Pınarbaşı,91225-250
1000,Konyaaltı,Liman,101905-297
1001,Konyaaltı,Uncalı,40314-528
1002,Konyaaltı,Toros,53984-5257
1003,Konyaaltı,Toros,2464-4531
1004,Muratpaşa,Sinan,98905-254
1005,Kepez,Altınova Orta,28488-2772
1006,Kemer,Arslanbucak,49128-1056
1007,Manavgat,Mimar Sinan,95443-295
1008,Alanya,Mahmutlar,66404-728
1009,Muratpaşa,Güzeloba,6301-1265
1010,Kepez,Göksu,1620-20
1011,Muratpaşa,Güzeloba,28488-2776
1012,Konyaaltı,Gürsu,87281-86
1013,Alanya,Kızlar Pınarı,96807-219
1014,Muratpaşa,Yeşilbahçe,13256-1697
1015,Aksu,Altıntaş,69240-136
1016,Muratpaşa,Şirinyalı,53984-5210
1017,Konyaaltı,Hurma,16141-7576
1018,Muratpaşa,Meydankavağı,53984-5247
1019,Kepez,Kültür,50734-2708
1020,Alanya,Mahmutlar,86871-257
1021,Konyaaltı,Siteler,0-32745155
1022,Konyaaltı,Uncalı,81581-948
1023,Muratpaşa,Yeşilbahçe,37871-533
1024,Kepez,Ulus,8200-3772
1025,Muratpaşa,Bayındır,3742-1810
1026,Muratpaşa,Çağlayan,17969-8382
1027,Muratpaşa,Güzeloba,36064-4284
1028,Kepez,Kütükçü,96872-203
1029,Muratpaşa,Gebizli,53984-5172
1030,Kepez,Ahatlı,17969-8707
1031,Konyaaltı,Liman,45502-1302
1032,Konyaaltı,Kuşkavağı,50997-304
1033,Kepez,Ulus,8200-3678
1034,Kepez,Ahatlı,78725-419
1035,Konyaaltı,Altınkum,68524-184
1036,Muratpaşa,Deniz,77338-508
1037,Muratpaşa,Çağlayan,53141-596
1038,Konyaaltı,Toros,53984-5256
1039,Korkuteli,Karşıyaka,60447-1177
1040,Konyaaltı,Kuşkavağı,39326-1512
1041,Konyaaltı,Liman,99578-183
1042,Konyaaltı,Hurma,85347-933
1043,Konyaaltı,Toros,73055-539
1044,Manavgat,Çağlayan,95443-304
1045,Kepez,Yeni Emek,103417-42
1046,Kepez,Altınova Orta,94744-620
1047,Konyaaltı,Liman,18453-89
1048,Alanya,Mahmutlar,76663-431
1049,Muratpaşa,Fener,15505-436
1050,Muratpaşa,Doğuyaka,53984-5133
1051,Konyaaltı,Pınarbaşı,51188-1159
1052,Muratpaşa,Güzeloba,17969-8581
1053,Konyaaltı,Toros,107448-94
1054,Alanya,Mahmutlar,88841-869
1055,Muratpaşa,Kızılsaray,77251-906
1056,Konyaaltı,Uncalı,45502-1273
1057,Kepez,Hüsnü Karakaş,92837-748
1058,Manavgat,Side,0-32615376
1059,Muratpaşa,Fener,81838-881
1060,Muratpaşa,Yenigün,77527-2948
1061,Kepez,Ahatlı,103602-23
1062,Alanya,Mahmutlar,66404-773
1063,Muratpaşa,Güzeloba,17969-8742
1064,Kepez,Yeşilyurt,103602-137
1065,Kepez,Kültür,101194-28
1066,Konyaaltı,Hurma,2500-4099
1067,Muratpaşa,Bayındır,64633-99
1068,Serik,Belek,40047-95
1069,Muratpaşa,Soğuksu,69260-362
1070,Muratpaşa,Güzeloluk,17969-8262
1071,Muratpaşa,Güzeloba,3648-2737
1072,Kepez,Hüsnü Karakaş,92837-760
1073,Döşemealtı,Yeniköy,102734-12
1074,Muratpaşa,Kışla,7933-674
1075,Muratpaşa,Fener,53984-5221
1076,Muratpaşa,Sinan,0-32680889
1077,Kepez,Çankaya,101905-278
1078,Muratpaşa,Güzeloba,36064-4288
1079,Kepez,Kültür,50734-2712
1080,Konyaaltı,Liman,1820-1327
1081,Konyaaltı,Kuşkavağı,81838-886
1082,Konyaaltı,Uncalı,107448-82
1083,Muratpaşa,Güvenlik,17969-8211
1084,Muratpaşa,Güvenlik,0-26146541
1085,Muratpaşa,Fener,4759-552
1086,Konyaaltı,Uncalı,77338-493
1087,Kepez,Fevzi Çakmak,101905-277
1088,Muratpaşa,Fener,43794-409
1089,Konyaaltı,Liman,95676-267
1090,Muratpaşa,Kızılarık,68114-3590
1091,Kepez,Kültür,88509-507
1092,Muratpaşa,Meydankavağı,77527-2901
1093,Muratpaşa,Altındağ,3742-2148
1094,Muratpaşa,Meltem,42181-50
1095,Kepez,Kütükçü,109562-8
1096,Muratpaşa,Fener,53141-599
1097,Konyaaltı,Pınarbaşı,2500-4075
1098,Muratpaşa,Güzeloba,59368-2351
1099,Kepez,Karşıyaka,43794-425
1100,Alanya,Mahmutlar,66404-787
1101,Konyaaltı,Liman,18453-88
1102,Alanya,Küçükhasbahçe,85583-275
1103,Kepez,Göksu,1620-25
1104,Kepez,Duraliler,103865-30
1105,Kepez,Emek,107474-52
1106,Kepez,Yeni Doğan,0-32779976
1107,Kepez,Yeşiltepe,8200-3775
1108,Konyaaltı,Uluç,107448-71
1109,Muratpaşa,Güzeloba,17969-8734
1110,Alanya,Mahmutlar,66404-782
1111,Konyaaltı,Sarısu,16330-2570
1112,Kepez,Altınova Orta,94744-382
1113,Kemer,Arslanbucak,49128-1167
1114,Muratpaşa,Güzeloba,3648-2767
1115,Kepez,Ünsal,80174-1954
1116,Aksu,Altıntaş,17969-8297
1117,Muratpaşa,Fener,81838-896
1118,Kepez,Mehmet Akif Ersoy,77251-877
1119,Muratpaşa,Fener,94744-612
1120,Muratpaşa,Güvenlik,0-32517509
1121,Muratpaşa,Fener,0-32770430
1122,Muratpaşa,Yüksekalan,102121-183
1123,Döşemealtı,Bahçeyaka,84474-2737
1124,Konyaaltı,Pınarbaşı,38955-2230
1125,Muratpaşa,Çağlayan,17969-8383
1126,Konyaaltı,Öğretmenevleri,45502-1485
1127,Muratpaşa,Fener,43809-501
1128,Muratpaşa,Yenigün,89121-118
1129,Konyaaltı,Hurma,107448-66
1130,Kemer,Yeni,49128-772
1131,Konyaaltı,Gürsu,107448-15
1132,Konyaaltı,Uluç,86852-221
1133,Kepez,Göksu,17969-8814
1134,Kepez,Kültür,88509-540
1135,Muratpaşa,Gebizli,1559-1
1136,Finike,Hasyurt,0-32609801
1137,Kepez,Gülveren,50734-2720
1138,Kepez,Erenköy,51390-265
1139,Konyaaltı,Altınkum,45502-1268
1140,Kepez,Şafak,50734-2538
1141,Muratpaşa,Gebizli,53984-5160
1142,Konyaaltı,Liman,51188-1158
1143,Konyaaltı,Pınarbaşı,2500-3992
1144,Konyaaltı,Toros,109346-3
1145,Konyaaltı,Toros,77527-2898
1146,Konyaaltı,Akkuyu,45502-1277
1147,Kemer,Arslanbucak,49128-1173
1148,Konyaaltı,Molla Yusuf,73055-648
1149,Konyaaltı,Liman,33560-690
1150,Muratpaşa,Güzeloba,106641-70
1151,Alanya,Mahmutlar,0-27461244
1152,Korkuteli,Yeni,60447-1102
1153,Kepez,Fabrikalar,45502-1481
1154,Muratpaşa,Yeşilbahçe,105872-22
1155,Kepez,Altınova Orta,95958-49
1156,Konyaaltı,Hurma,45502-1472
1157,Muratpaşa,Soğuksu,67613-438
1158,Muratpaşa,Güzeloba,88592-1262
1159,Muratpaşa,Çağlayan,53984-5223
1160,Konyaaltı,Kuşkavağı,45502-1189
1161,Kepez,Altınova Orta,94744-378
1162,Muratpaşa,Güvenlik,73389-1592
1163,Muratpaşa,Konuksever,0-32721044
1164,Konyaaltı,Uncalı,68402-317
1165,Kepez,Altınova Orta,95958-35
1166,Konyaaltı,Liman,18453-91
1167,Kepez,Fabrikalar,69260-406
1168,Konyaaltı,Arapsuyu,63780-235
1169,Muratpaşa,Üçgen,30590-1160
1170,Kepez,Özgürlük,90618-833
1171,Konyaaltı,Hurma,81462-34
1172,Konyaaltı,Arapsuyu,53984-5159
1173,Konyaaltı,Hurma,99578-156
1174,Muratpaşa,Çağlayan,4179-1361
1175,Muratpaşa,Güzeloba,106641-114
1176,Muratpaşa,Çağlayan,59368-2339
1177,Muratpaşa,Yıldız,60116-577
1178,Kepez,Esentepe,691972-1601
1179,Kepez,Mehmet Akif Ersoy,103417-21
1180,Kepez,Gülveren,103602-149
1181,Muratpaşa,Kızılarık,42264-190
1182,Muratpaşa,Gençlik,13256-1707
1183,Konyaaltı,Altınkum,21426-1066
1184,Muratpaşa,Memurevleri,24077-1019
1185,Demre,Küçükkum,8797-426
1186,Muratpaşa,Güzeloba,43809-502
1187,Muratpaşa,Kızılarık,68114-3598
1188,Konyaaltı,Uncalı,81581-989
1189,Muratpaşa,Çağlayan,43809-483
1190,Muratpaşa,Yeşilbahçe,80174-1779
1191,Kepez,Barış,8516-2010
1192,Kemer,Göynük,8646-3036
1193,Muratpaşa,Meltem,24694-767
1194,Kepez,Ayanoğlu,103512-91
1195,Kepez,Kepez,45502-1482
1196,Konyaaltı,Toros,1445-1860
1197,Kemer,Arslanbucak,49128-1174
1198,Muratpaşa,Güzeloba,0-27819163
1199,Muratpaşa,Gençlik,53984-4473
1200,Konyaaltı,Hurma,48276-1596
1201,Kepez,Kültür,103602-11
1202,Muratpaşa,Etiler,89009-1286
1203,Muratpaşa,Kızılarık,65411-195
1204,Kepez,Ulus,82598-175
1205,Konyaaltı,Pınarbaşı,45502-1447
1206,Alanya,Cumhuriyet,88768-166
1207,Kepez,Fabrikalar,50734-2570
1208,Alanya,Saray,44802-2967
1209,Alanya,Cikcilli,90534-486
1210,Muratpaşa,Kızılsaray,65411-218
1211,Muratpaşa,Kışla,10978-6570
1212,Kepez,Göksu,17969-8213
1213,Muratpaşa,Güzeloba,43794-328
1214,Konyaaltı,Toros,109346-4
1215,Muratpaşa,Gençlik,13256-1569
1216,Muratpaşa,Soğuksu,43222-727
1217,Muratpaşa,Kızılarık,68114-3591
1218,Muratpaşa,Kızılarık,68114-3525
1219,Kumluca,Meydan,72853-325
1220,Konyaaltı,Hurma,102238-2
1221,Konyaaltı,Öğretmenevleri,45502-1480
1222,Kepez,Altınova Orta,94744-380
1223,Muratpaşa,Güvenlik,60116-662
1224,Muratpaşa,Muratpaşa,77251-903
1225,Muratpaşa,Yeşilbahçe,80174-2084
1226,Kepez,Hüsnü Karakaş,92837-700
1227,Muratpaşa,Güzeloba,43809-500
1228,Konyaaltı,Gürsu,89121-124
1229,Konyaaltı,Hurma,81462-35
1230,Muratpaşa,Memurevleri,8848-1886
1231,Muratpaşa,Bahçelievler,0-32638926
1232,Muratpaşa,Fener,43809-503
1233,Konyaaltı,Gürsu,79472-320
1234,Kepez,Yeşilyurt,103602-141
1235,Konyaaltı,Uluç,16141-7512
1236,Muratpaşa,Güzeloba,17969-8644
1237,Kepez,Varsak Karşıyaka,97848-137
1238,Kepez,Erenköy,30590-1136
1239,Kepez,Gündoğdu,60116-585
1240,Konyaaltı,Arapsuyu,50997-303
1241,Muratpaşa,Güzeloba,7227-8365
1242,Konyaaltı,Hurma,1389-1257
1243,Muratpaşa,Güzeloba,106641-120
1244,Konyaaltı,Pınarbaşı,21426-1269
1245,Muratpaşa,Çağlayan,10655-1777
1246,Kepez,Ahatlı,0-32725738
1247,Konyaaltı,Hurma,18453-43
1248,Muratpaşa,Fener,92837-712
1249,Konyaaltı,Kuşkavağı,48302-818
1250,Muratpaşa,Meydankavağı,87583-271
1251,Konyaaltı,Hurma,45502-1149
1252,Konyaaltı,Öğretmenevleri,45502-1468
1253,Konyaaltı,Molla Yusuf,56735-2452
1254,Muratpaşa,Meydankavağı,101221-157
1255,Kepez,Özgürlük,65153-378
1256,Konyaaltı,Arapsuyu,1445-1913
1257,Muratpaşa,Yüksekalan,77527-3000
1258,Muratpaşa,Meydankavağı,94744-571
1259,Kepez,Yeni,77527-2967
1260,Kumluca,Meydan,93358-105
1261,Konyaaltı,Uncalı,81581-986
1262,Kepez,Erenköy,109276-5
1263,Muratpaşa,Memurevleri,67163-36
1264,Kepez,Yeni Emek,103417-39
1265,Kepez,Özgürlük,90618-893
1266,Muratpaşa,Sedir,6273-852
1267,Korkuteli,Yeni,60447-1121
1268,Konyaaltı,Altınkum,48302-825
1269,Konyaaltı,Arapsuyu,45502-1320
1270,Muratpaşa,Fener,7227-8370
1271,Muratpaşa,Kışla,8560-811
1272,Kepez,Kültür,103602-45
1273,Kepez,Gülveren,52683-3
1274,Kepez,Kültür,100326-58
1275,Konyaaltı,Arapsuyu,1445-1934
1276,Muratpaşa,Soğuksu,88469-464
1277,Kepez,Yükseliş,89009-1271
1278,Aksu,Soğucaksu,78240-266
1279,Kepez,Ulus,90898-43
1280,Konyaaltı,Liman,101905-148
1281,Konyaaltı,Uncalı,29130-1192
1282,Serik,Belek,40047-35
1283,Kepez,Yeni Emek,2464-4408
1284,Muratpaşa,Fener,40314-518
1285,Kepez,Çankaya,98905-245
1286,Konyaaltı,Liman,18453-74
1287,Kepez,Yeni Doğan,3742-2308
1288,Muratpaşa,Fener,43809-456
1289,Alanya,Cikcilli,85583-304
1290,Kepez,Kültür,43436-603
1291,Konyaaltı,Liman,67163-64
1292,Muratpaşa,Güzeloba,95676-269
1293,Kepez,Atatürk,8516-2007
1294,Kepez,Fabrikalar,50734-2569
1295,Kepez,Göksu,75911-635
1296,Kepez,Kültür,103602-85
1297,Kemer,Arslanbucak,95671-166
1298,Konyaaltı,Pınarbaşı,81581-975
1299,Konyaaltı,Uncalı,28315-8
1300,Muratpaşa,Güzeloba,43794-383
1301,Kepez,Erenköy,106561-55
1302,Kumluca,Temel Eğitim Mahallesi,93358-74
1303,Muratpaşa,Bahçelievler,80174-1996
1304,Muratpaşa,Deniz,1445-1946
1305,Kepez,Kütükçü,3648-2585
1306,Muratpaşa,Güzeloba,88740-140
1307,Konyaaltı,Toros,109346-11
1308,Serik,Merkez,0-32694464
1309,Konyaaltı,Liman,101363-6
1310,Kepez,Altınova Orta,94744-392
1311,Muratpaşa,Çağlayan,43809-448
1312,Kepez,Zafer,77380-553
1313,Konyaaltı,Hurma,17969-8329
1314,Kepez,Atatürk,90618-820
1315,Kepez,Kanal,90618-890
1316,Konyaaltı,Hurma,0-30298421
1317,Konyaaltı,Hurma,27323-2813
1318,Konyaaltı,Uncalı,36064-4217
1319,Konyaaltı,Gürsu,99699-38
1320,Kepez,Gülveren,103602-48
1321,Konyaaltı,Hurma,87339-782
1322,Kepez,Yeşiltepe,7227-8315
1323,Muratpaşa,Güzeloba,0-31872424
1324,Kepez,Kültür,103602-87
1325,Döşemealtı,Bahçeyaka,89090-299
1326,Konyaaltı,Öğretmenevleri,1445-1938
1327,Muratpaşa,Meltem,88469-487
1328,Kepez,Yeşilyurt,67163-60
1329,Konyaaltı,Altınkum,93238-221
1330,Muratpaşa,Güzeloba,43809-490
1331,Muratpaşa,Güzeloba,77527-1682
1332,Konyaaltı,Liman,99578-195
1333,Muratpaşa,Fener,2196-1072
1334,Alanya,Oba,0-32054270
1335,Muratpaşa,Yeşilbahçe,0-32324030
1336,Muratpaşa,Yenigün,31883-1090
1337,Muratpaşa,Kızıltoprak,9173-6508
1338,Kepez,Erenköy,83202-62
1339,Kepez,Yeni,103168-74
1340,Alanya,Cikcilli,85583-390
1341,Muratpaşa,Güvenlik,88469-490
1342,Kaş,Andifli,5401-749
1343,Muratpaşa,Güzeloba,106641-118
1344,Muratpaşa,Fener,65376-28
1345,Konyaaltı,Altınkum,95443-297
1346,Konyaaltı,Hurma,51188-1110
1347,Konyaaltı,Uncalı,81581-847
1348,Kepez,Kuzeyyaka,96512-358
1349,Alanya,Cikcilli,85583-371
1350,Muratpaşa,Şirinyalı,52883-103
1351,Kepez,Gülveren,103602-80
1352,Kumluca,Merkez,93358-97
1353,Kepez,Hüsnü Karakaş,92837-740
1354,Konyaaltı,Gürsu,97965-390
1355,Konyaaltı,Arapsuyu,45502-1393
1356,Muratpaşa,Güzeloba,106641-113
1357,Muratpaşa,Muratpaşa,101493-33
1358,Kepez,Kültür,103602-50
1359,Kepez,Fabrikalar,82001-39
1360,Konyaaltı,Liman,84465-187
1361,Kepez,Yeni Doğan,103602-133
1362,Muratpaşa,Şirinyalı,24694-764
1363,Döşemealtı,Altınkale,94984-266
1364,Kepez,Kültür,103602-136
1365,Muratpaşa,Muratpaşa,77251-902
1366,Muratpaşa,Güzeloba,60376-289
1367,Muratpaşa,Güzeloba,81838-849
1368,Kepez,Varsak Karşıyaka,51418-2028
1369,Muratpaşa,Çaybaşı,0-32608487
1370,Kepez,Gülveren,103602-58
1371,Kepez,Hüsnü Karakaş,97708-89
1372,Konyaaltı,Sarısu,90961-150
1373,Kepez,Yeni Doğan,82001-140
1374,Konyaaltı,Liman,1820-1326
1375,Kepez,Gülveren,88509-491
1376,Kepez,Özgürlük,107448-59
1377,Korkuteli,Yeni,60447-1082
1378,Kepez,Kanal,96872-285
1379,Muratpaşa,Memurevleri,0-32666651
1380,Muratpaşa,Güzeloba,106641-117
1381,Muratpaşa,Deniz,21721-719
1382,Kemer,Arslanbucak,49128-1203
1383,Konyaaltı,Liman,81265-390
1384,Manavgat,Y. Hisar,95443-306
1385,Kemer,Göynük,93808-59
1386,Konyaaltı,Akkuyu,2500-4036
1387,Muratpaşa,Güzeloba,81838-850
1388,Korkuteli,Yeni,60447-1176
1389,Kepez,Kanal,90618-862
1390,Konyaaltı,Arapsuyu,45502-1479
1391,Alanya,Saray,100279-4
1392,Muratpaşa,Gebizli,28488-2678
1393,Konyaaltı,Kuşkavağı,2500-3926
1394,Kepez,Esentepe,101322-27
1395,Muratpaşa,Güvenlik,68106-122
1396,Konyaaltı,Uncalı,81581-987
1397,Muratpaşa,Soğuksu,29130-1178
1398,Aksu,Altıntaş,69240-131
1399,Konyaaltı,Molla Yusuf,100326-61
1400,Konyaaltı,Liman,99578-112
1401,Kepez,Hüsnü Karakaş,92837-11
1402,Alanya,Mahmutlar,87181-254
1403,Muratpaşa,Güzeloba,106641-109
1404,Muratpaşa,Fener,43794-418
1405,Konyaaltı,Toros,109346-6
1406,Muratpaşa,Güzeloba,60376-297
1407,Kepez,Ahatlı,88509-539
1408,Konyaaltı,Altınkum,13114-690
1409,Konyaaltı,Gürsu,24687-2807
1410,Kepez,Sütçüler,1445-1910
1411,Muratpaşa,Kızılarık,0-31924218
1412,Alanya,Mahmutlar,85583-364
1413,Muratpaşa,Çağlayan,65376-27
1414,Kepez,Kültür,103602-113
1415,Muratpaşa,Yeşilbahçe,71299-900
1416,Kepez,Varsak Karşıyaka,8487-178
1417,Konyaaltı,Toros,51188-1054
1418,Kepez,Gülveren,88509-477
1419,Muratpaşa,Gebizli,10059-1119
1420,Kepez,Kanal,83202-58
1421,Konyaaltı,Uncalı,97965-396
1422,Muratpaşa,Güzeloba,88855-192
1423,Konyaaltı,Liman,1068-3431
1424,Muratpaşa,Bayındır,3742-2201
1425,Muratpaşa,Çağlayan,43809-463
1426,Muratpaşa,Güzeloba,106641-119
1427,Alanya,Oba,96807-239
1428,Muratpaşa,Şirinyalı,27323-2740
1429,Konyaaltı,Molla Yusuf,69254-1491
1430,Konyaaltı,Sarısu,16330-2567
1431,Konyaaltı,Hurma,87166-484
1432,Kepez,Karşıyaka,2464-4552
1433,Alanya,Cikcilli,98706-200
1434,Konyaaltı,Uncalı,92814-647
1435,Aksu,Kemerağzı,3648-2730
1436,Muratpaşa,Varlık,99896-63
1437,Konyaaltı,Toros,43222-712
1438,Korkuteli,Karşıyaka,60464-542
1439,Kepez,Atatürk,90618-821
1440,Muratpaşa,Çağlayan,10978-6801
1441,Alanya,Mahmutlar,99939-137
1442,Konyaaltı,Toros,109346-5
1443,Muratpaşa,Fener,24694-712
1444,Muratpaşa,Muratpaşa,77251-882
1445,Muratpaşa,Fener,80174-2031
1446,Kepez,Habibler,97708-71
1447,Konyaaltı,Molla Yusuf,45502-1111
1448,Konyaaltı,Uluç,99699-32
1449,Konyaaltı,Uncalı,21426-825
1450,Konyaaltı,Arapsuyu,51188-1111
1451,Kepez,Barış,8516-2009
1452,Kepez,Gülveren,65376-11
1453,Alanya,Çarşı,98706-59
1454,Muratpaşa,Zerdalilik,15974-393
1455,Muratpaşa,Gençlik,43794-389
1456,Muratpaşa,Deniz,1837-2137
1457,Muratpaşa,Güzeloba,43809-462
1458,Korkuteli,Yeni,60447-1175
1459,Muratpaşa,Sinan,96512-360
1460,Muratpaşa,Güzelbağ,7227-8286
1461,Kepez,Atatürk,0-32628201
1462,Muratpaşa,Güzeloba,15181-363
1463,Muratpaşa,Deniz,56735-2004
1464,Muratpaşa,Yenigün,65411-151
1465,Kepez,Kültür,88509-408
1466,Muratpaşa,Güvenlik,69260-421
1467,Kepez,Habibler,97708-72
1468,Korkuteli,Uzunoluk,60447-807
1469,Konyaaltı,Uncalı,16141-7432
1470,Konyaaltı,Arapsuyu,104426-32
1471,Kepez,Kanal,51390-256
1472,Kepez,Habibler,97708-86
1473,Muratpaşa,Şirinyalı,91407-197
1474,Alanya,Cumhuriyet,85583-408
1475,Konyaaltı,Hurma,18453-77
1476,Kepez,Kültür,103602-31
1477,Kepez,Kültür,45502-1484
1478,Kepez,Yükseliş,51390-296
1479,Alanya,Kestel,85583-269
1480,Muratpaşa,Muratpaşa,101493-34
1481,Muratpaşa,Zerdalilik,5498-923
1482,Kepez,Teomanpaşa,51418-2051
1483,Konyaaltı,Altınkum,51188-109
1484,Muratpaşa,Altındağ,70063-205
1485,Konyaaltı,Hurma,102238-7
1486,Konyaaltı,Uncalı,16141-7522
1487,Alanya,Oba,85583-373
1488,Kepez,Kütükçü,103168-99
1489,Alanya,Mahmutlar,54569-1213
1490,Kepez,Şafak,81303-714
1491,Manavgat,Side,63613-384
1492,Döşemealtı,Altınkale,94984-304
1493,Manavgat,Side,63613-410
1494,Alanya,Oba,85583-343
1495,Muratpaşa,Çağlayan,43809-459
1496,Döşemealtı,Yeniköy,99699-57
1497,Kepez,Gülveren,68106-123
1498,Konyaaltı,Liman,1495-182
1499,Aksu,Altıntaş,0-32543648
1500,Konyaaltı,Liman,1495-238
1501,Kepez,Şelale,103374-19
1502,Muratpaşa,Güzeloba,43809-489
1503,Alanya,Cikcilli,85583-306
1504,Konyaaltı,Uncalı,68402-337
1505,Alanya,Mahmutlar,54569-1172
1506,Konyaaltı,Sarısu,67071-257
1507,Alanya,Mahmutlar,0-13441631
1508,Kepez,Esentepe,83202-84
1509,Muratpaşa,Fener,43794-379
1510,Muratpaşa,Çağlayan,43794-415
1511,Konyaaltı,Kuşkavağı,51188-1048
1512,Kepez,Ahatlı,103602-109
1513,Konyaaltı,Gürsu,1445-1924
1514,Muratpaşa,Memurevleri,90534-505
1515,Konyaaltı,Arapsuyu,103168-108
1516,Kepez,Ahatlı,103602-142
1517,Konyaaltı,Hurma,1445-1865
1518,Muratpaşa,Gençlik,71299-924
1519,Kepez,Mehmet Akif Ersoy,103865-25
1520,Konyaaltı,Liman,1820-1341
1521,Döşemealtı,Altınkale,94984-328
1522,Muratpaşa,Gebizli,28488-2673
1523,Kepez,Hüsnü Karakaş,92837-718
1524,Kepez,Ahatlı,103602-143
1525,Muratpaşa,Güzeloba,36064-4121
1526,Konyaaltı,Arapsuyu,1445-1914
1527,Konyaaltı,Kuşkavağı,2500-4006
1528,Muratpaşa,Altındağ,8560-814
1529,Muratpaşa,Kışla,85347-912
1530,Muratpaşa,Yenigün,99896-55
1531,Muratpaşa,Çağlayan,106641-87
1532,Konyaaltı,Hurma,81838-867
1533,Muratpaşa,Güzeloba,43794-403
1534,Kepez,Yeni Emek,87166-486
1535,Konyaaltı,Uncalı,99578-175
1536,Konyaaltı,Uncalı,81581-959
1537,Kepez,Gülveren,43436-588
1538,Muratpaşa,Demircikara,10059-1123
1539,Muratpaşa,Tahılpazarı,87166-439
1540,Konyaaltı,Liman,99896-56
1541,Kepez,Atatürk,67175-257
1542,Kepez,Atatürk,24687-2813
1543,Muratpaşa,Güzeloba,88592-1166
1544,Muratpaşa,Güzeloba,43809-454
1545,Alanya,Mahmutlar,54569-1174
1546,Konyaaltı,Molla Yusuf,16141-7509
1547,Kepez,Kültür,103602-51
1548,Muratpaşa,Fener,80174-2058
1549,Alanya,Çarşı,100279-6
1550,Kepez,Kültür,88509-478
1551,Kepez,Kültür,103602-17
1552,Kepez,Kültür,0-23888715
1553,Kemer,Yeni,38288-567
1554,Konyaaltı,Hurma,99578-181
1555,Elmalı,Yeni,108893-29
1556,Konyaaltı,Uluç,85347-942
1557,Kepez,Karşıyaka,21721-707
1558,Muratpaşa,Bayındır,23987-1066
1559,Muratpaşa,Kızılarık,68114-3506
1560,Muratpaşa,Çağlayan,43809-511
1561,Muratpaşa,Deniz,21721-760
1562,Muratpaşa,Dutlubahçe,0-30847835
1563,Kepez,Habibler,97708-84
1564,Muratpaşa,Fener,43794-346
1565,Konyaaltı,Altınkum,28297-3871
1566,Kepez,Altınova Orta,94744-578
1567,Kepez,Gündoğdu,103003-29
1568,Konyaaltı,Liman,48276-1581
1569,Kepez,Kanal,96872-266
1570,Kepez,Kanal,43794-335
1571,Muratpaşa,Gençlik,101221-155
1572,Muratpaşa,Kızılsaray,73389-1578
1573,Kemer,Göynük,40314-455
1574,Konyaaltı,Arapsuyu,1445-1945
1575,Kepez,Altınova Orta,94744-494
1576,Alanya,Mahmutlar,99104-157
1577,Konyaaltı,Hurma,18453-73
1578,Konyaaltı,Uncalı,68402-332
1579,Muratpaşa,Bayındır,87166-485
1580,Kepez,Kültür,88509-479
1581,Muratpaşa,Kızılsaray,56735-2413
1582,Muratpaşa,Çağlayan,88592-1077
1583,Kepez,Kültür,103602-29
1584,Muratpaşa,Deniz,24694-765
1585,Muratpaşa,Güzeloba,88592-1176
1586,Kemer,Arslanbucak,49128-1149
1587,Kepez,Altınova Orta,94744-558
1588,Kepez,Varsak Karşıyaka,87166-470
1589,Kepez,Altınova Orta,94744-511
1590,Konyaaltı,Hurma,51188-1079
1591,Elmalı,Karyağdı,108893-3
1592,Muratpaşa,Güzeloba,81838-844
1593,Muratpaşa,Meydankavağı,96512-309
1594,Konyaaltı,Liman,1820-1330
1595,Kepez,Yeni Emek,103003-26
1596,Muratpaşa,Güzeloba,91685-39
1597,Konyaaltı,Toros,51188-1055
1598,Kepez,Gündoğdu,103003-24
1599,Kepez,Güneş,51418-2044
1600,Kepez,Kültür,103602-130
1601,Kepez,Ahatlı,103602-145
1602,Muratpaşa,Fener,43794-371
1603,Muratpaşa,Şirinyalı,90713-331
1604,Konyaaltı,Hurma,2500-4058
1605,Kepez,Varsak Karşıyaka,51188-1067
1606,Muratpaşa,Güzeloba,36064-4061
1607,Muratpaşa,Güzeloba,43809-492
1608,Konyaaltı,Hurma,2500-4059
1609,Kepez,Özgürlük,23987-1067
1610,Muratpaşa,Fener,106641-86
1611,Kepez,Kültür,103602-60
1612,Kepez,Habibler,97708-68
1613,Muratpaşa,Güzeloba,41035-1961
1614,Kepez,Göçerler,101322-24
1615,Kepez,Düdenbaşı,69260-478
1616,Kepez,Varsak Karşıyaka,0-32703201
1617,Kepez,Varsak Karşıyaka,21721-715
1618,Kepez,Ahatlı,82001-98
1619,Döşemealtı,Çıplaklı,0-27039272
1620,Kepez,Kanal,82001-123
1621,Konyaaltı,Gürsu,17969-8160
1622,Muratpaşa,Çağlayan,53141-590
1623,Muratpaşa,Çağlayan,106641-107
1624,Konyaaltı,Toros,2500-4050
1625,Elmalı,Yeni,108893-1
1626,Kepez,Kuzeyyaka,66038-294
1627,Muratpaşa,Kışla,1837-2127
1628,Elmalı,Yeni,108893-16
1629,Muratpaşa,Yeşilbahçe,97165-41
1630,Muratpaşa,Fener,43794-347
1631,Elmalı,Yeni,108893-28
1632,Kepez,Gülveren,103602-134
1633,Kepez,Gülveren,103602-49
1634,Korkuteli,Yeni,67163-62
1635,Muratpaşa,Gençlik,2464-4575
1636,Kepez,Altınova Orta,94744-495
1637,Muratpaşa,Güzeloba,28488-2752
1638,Kepez,Kültür,103602-118
1639,Alanya,Mahmutlar,99104-281
1640,Muratpaşa,Güvenlik,0-32435444
1641,Kepez,Yeşilyurt,95879-1072
1642,Muratpaşa,Fener,95879-1069
1643,Konyaaltı,Liman,67071-269
1644,Muratpaşa,Kızılarık,68114-3562
1645,Kepez,Erenköy,83202-6
1646,Kepez,Gülveren,65376-10
1647,Konyaaltı,Uncalı,96061-110
1648,Muratpaşa,Soğuksu,692392-207
1649,Konyaaltı,Toros,85347-891
1650,Muratpaşa,Bayındır,23987-1065
1651,Konyaaltı,Hurma,67071-272
1652,Alanya,Mahmutlar,99104-286
1653,Konyaaltı,Hurma,102238-4
1654,Döşemealtı,Yeniköy,0-32263577
1655,Muratpaşa,Fener,7151-7710
1656,Konyaaltı,Liman,52431-1202
1657,Kepez,Özgürlük,6273-843
1658,Muratpaşa,Fener,43809-477
1659,Muratpaşa,Çağlayan,88592-1200
1660,Muratpaşa,Güvenlik,68106-116
1661,Alanya,Kestel,76663-455
1662,Kepez,Ahatlı,103602-122
1663,Korkuteli,Kiremitli,60464-540
1664,Kepez,Kültür,95564-379
1665,Konyaaltı,Uncalı,99699-35
1666,Korkuteli,Kiremitli,60464-529
1667,Muratpaşa,Şirinyalı,43809-486
1668,Kepez,Esentepe,83202-52
1669,Konyaaltı,Kuşkavağı,2500-3925
1670,Kepez,Kültür,95564-381
1671,Muratpaşa,Güzeloba,41035-1970
1672,Kepez,Kuzeyyaka,8848-1852
1673,Konyaaltı,Hurma,51188-1019
1674,Alanya,Mahmutlar,66404-623
1675,Konyaaltı,Liman,99578-113
1676,Muratpaşa,Yıldız,30590-1143
1677,Kepez,Altınova Orta,95958-75
1678,Muratpaşa,Soğuksu,68106-117
1679,Alanya,Cikcilli,76663-446
1680,Muratpaşa,Çağlayan,105875-9
1681,Kepez,Fabrikalar,103602-135
1682,Muratpaşa,Çağlayan,43809-474
1683,Kepez,Yeşilyurt,81303-719
1684,Kepez,Kültür,95564-387
1685,Konyaaltı,Uncalı,28315-6
1686,Muratpaşa,Fener,106641-89
1687,Kepez,Yeni Emek,109562-7
1688,Konyaaltı,Siteler,99699-40
1689,Muratpaşa,Soğuksu,107474-39
1690,Kepez,Habibler,97708-85
1691,Kepez,Kültür,88509-493
1692,Muratpaşa,Meydankavağı,89121-111
1693,Konyaaltı,Kuşkavağı,0-32482262
1694,Alanya,Mahmutlar,0-17411966
1695,Konyaaltı,Liman,64261-2044
1696,Muratpaşa,Konuksever,65411-190
1697,Kepez,Kuzeyyaka,103003-27
1698,Konyaaltı,Toros,85347-894
1699,Konyaaltı,Gürsu,68402-328
1700,Muratpaşa,Güzeloba,17969-8555
1701,Konyaaltı,Uncalı,2500-4034
1702,Döşemealtı,Yeniköy,28297-3870
1703,Muratpaşa,Fener,66148-1031
1704,Konyaaltı,Hurma,99578-186
1705,Muratpaşa,Varlık,88469-425
1706,Muratpaşa,Çağlayan,43809-475
1707,Muratpaşa,Fener,43794-393
1708,Kepez,Varsak Karşıyaka,2464-4367
1709,Kepez,Kuzeyyaka,51418-2045
1710,Kepez,Kültür,95564-400
1711,Muratpaşa,Muratpaşa,3742-2353
1712,Konyaaltı,Kuşkavağı,100326-56
1713,Muratpaşa,Kızılsaray,73389-1580
1714,Kepez,Çankaya,68402-324
1715,Kepez,Göçerler,101322-2
1716,Korkuteli,Kiremitli,60464-539
1717,Alanya,Cumhuriyet,44802-2961
1718,Kepez,Kanal,83202-39
1719,Konyaaltı,Hurma,99578-188
1720,Muratpaşa,Kızıltoprak,0-32522271
1721,Kepez,Ahatlı,103602-144
1722,Elmalı,Yeni,108893-13
1723,Konyaaltı,Liman,99578-182
1724,Aksu,Güzelyurt,0-32557431
1725,Konyaaltı,Gürsu,51188-1134
1726,Kepez,Teomanpaşa,99896-28
1727,Alanya,Mahmutlar,66404-764
1728,Kepez,Kültür,95564-405
1729,Muratpaşa,Güzeloba,88592-1167
1730,Muratpaşa,Kızılsaray,692224-7
1731,Kepez,Altınova Orta,94744-298
1732,Kepez,Ahatlı,81303-738
1733,Kaş,Andifli,81081-199
1734,Kepez,Altınova Orta,94744-557
1735,Muratpaşa,Üçgen,70063-200
1736,Kepez,Kültür,95564-390
1737,Muratpaşa,Güzeloba,43809-455
1738,Kepez,Sütçüler,21721-754
1739,Muratpaşa,Kışla,75911-618
1740,Elmalı,Karyağdı,108893-5
1741,Kepez,Yükseliş,692571-129
1742,Manavgat,Emek,89730-61
1743,Muratpaşa,Fener,106641-90
1744,Muratpaşa,Fener,106641-88
1745,Muratpaşa,Fener,4307-2050
1746,Konyaaltı,Arapsuyu,96061-111
1747,Konyaaltı,Uncalı,28315-5
1748,Alanya,Mahmutlar,100279-41
1749,Kepez,Kültür,81303-707
1750,Muratpaşa,Güzeloba,17969-8519
1751,Muratpaşa,Çağlayan,88592-1095
1752,Finike,İskele,99705-28
1753,Kepez,Yeni Doğan,21721-694
1754,Döşemealtı,Çıplaklı,0-32725430
1755,Kepez,Gündoğdu,103003-25
1756,Muratpaşa,Fener,4307-2049
1757,Muratpaşa,Yıldız,97848-131
1758,Kepez,Kültür,103602-125
1759,Muratpaşa,Güzeloba,88592-1029
1760,Konyaaltı,Hurma,51188-1080
1761,Elmalı,Yeni,108893-24
1762,Kepez,Fabrikalar,0-32644594
1763,Alanya,Kestel,76663-454
1764,Muratpaşa,Bayındır,23987-1064
1765,Kepez,Gündoğdu,104527-14
1766,Kepez,Göksu,52883-98
1767,Kepez,Güneş,0-32509973
1768,Muratpaşa,Haşimişcan,7227-8369
1769,Kepez,Altınova Orta,94744-589
1770,Kepez,Altınova Orta,94744-297
1771,Kepez,Erenköy,3742-2318
1772,Muratpaşa,Soğuksu,0-22498755
1773,Kepez,Gülveren,103602-62
1774,Kepez,Gülveren,103602-21
1775,Kumluca,Yeni,72853-335
1776,Konyaaltı,Arapsuyu,63780-206
1777,Muratpaşa,Güzeloba,2196-1040
1778,Kepez,Hüsnü Karakaş,50734-2762
1779,Konyaaltı,Uncalı,68402-329
1780,Konyaaltı,Liman,67071-270
1781,Muratpaşa,Güzeloba,43809-499
1782,Alanya,Mahmutlar,100279-42
1783,Kemer,Merkez,0-32550942
1784,Kepez,Kültür,23987-1063
1785,Konyaaltı,Uncalı,68402-323
1786,Konyaaltı,Hurma,99578-189
1787,Kepez,Gülveren,103602-124
1788,Konyaaltı,Hurma,0-32386792
1789,Kepez,Şafak,103602-61
1790,Konyaaltı,Toros,13114-685
1791,Kepez,Ahatlı,103602-98
1792,Muratpaşa,Bayındır,23987-1070
1793,Kepez,Yeşilyurt,103602-74
1794,Kepez,Kültür,88509-420
1795,Kumluca,Bağlık,99705-44
1796,Elmalı,Yeni,108893-30
1797,Kepez,Erenköy,60283-345
1798,Kepez,Kültür,81303-706
1799,Muratpaşa,Güzeloba,65376-22
1800,Elmalı,Yeni,108893-14
1801,Muratpaşa,Şirinyalı,106641-59
1802,Kepez,Varsak Karşıyaka,103169-107
1803,Muratpaşa,Güvenlik,56735-2437
1804,Kepez,Ahatlı,95564-396
1805,Elmalı,Yeni,108893-32
1806,Kepez,Şafak,103602-101
1807,Elmalı,Karyağdı,108893-19
1808,Muratpaşa,Güzeloba,43809-465
1809,Kepez,Şafak,81303-697
1810,Kepez,Göksu,78997-172
1811,Konyaaltı,Liman,3742-1859
1812,Muratpaşa,Güvenlik,88469-478
1813,Kepez,Karşıyaka,87166-481
1814,Konyaaltı,Öğretmenevleri,2500-4033
1815,Kepez,Hüsnü Karakaş,95564-409
1816,Serik,Belek,100287-21
1817,Kepez,Yeşilyurt,81303-713
1818,Konyaaltı,Uncalı,96061-108
1819,Kepez,Ahatlı,95564-407
1820,Muratpaşa,Güzeloba,43809-496
1821,Kepez,Gündoğdu,0-32425082
1822,Kaş,Andifli,81081-159
1823,Konyaaltı,Arapsuyu,90326-43
1824,Konyaaltı,Hurma,99578-184
1825,Kepez,Altınova Orta,94744-330
1826,Konyaaltı,Toros,85347-893
1827,Kepez,Gülveren,103602-114
1828,Muratpaşa,Fener,106641-56
1829,Kepez,Ahatlı,81303-696
1830,Konyaaltı,Liman,85347-896
1831,Kepez,Özgürlük,2464-4576
1832,Kepez,Gülveren,103602-100
1833,Muratpaşa,Meydankavağı,65376-4
1834,Muratpaşa,Meltem,88469-477
1835,Kepez,Altınova Orta,94744-381
1836,Alanya,Mahmutlar,95499-63
1837,Muratpaşa,Güzeloba,65376-24
1838,Kepez,Hüsnü Karakaş,104426-29
1839,Muratpaşa,Meltem,95564-411
1840,Kepez,Emek,100508-5
1841,Kepez,Teomanpaşa,0-32453617
1842,Muratpaşa,Kızıltoprak,0-32488397
1843,Muratpaşa,Gençlik,28488-2679
1844,Döşemealtı,Yeniköy,91283-142
1845,Muratpaşa,Balbey,69260-459
1846,Muratpaşa,Altındağ,3742-2167
1847,Konyaaltı,Uncalı,68402-327
1848,Konyaaltı,Uncalı,68402-311
1849,Kepez,Şelale,0-32468728
1850,Kepez,Altınova Orta,94744-414
1851,Kepez,Yeşilyurt,81303-739
1852,Döşemealtı,Yeniköy,76466-215
1853,Kepez,Kültür,103602-120
1854,Kepez,Özgürlük,87166-448
1855,Muratpaşa,Kızıltoprak,71507-603
1856,Kepez,Kültür,103602-78
1857,Serik,Belek,95676-240
1858,Kepez,Altınova Orta,94744-478
1859,Kepez,Fabrikalar,0-32451858
1860,Finike,Yeni,0-32565295
1861,Kemer,Göynük,40314-515
1862,Kepez,Kültür,0-32338492
1863,Kepez,Ahatlı,95564-350
1864,Kepez,Altınova Orta,94744-530
1865,Kepez,Kültür,103602-102
1866,Kepez,Kültür,103602-33
1867,Alanya,Mahmutlar,0-32453360
1868,Muratpaşa,Kızıltoprak,71507-608
1869,Muratpaşa,Fener,106641-55
1870,Kepez,Yeni Emek,103003-22
1871,Kepez,Kültür,103602-121
1872,Kepez,Ulus,90898-45
1873,Muratpaşa,Fener,43809-488
1874,Kepez,Ulus,101493-30
1875,Kepez,Altınova Orta,94744-531
1876,Muratpaşa,Kışla,0-32425487
1877,Kepez,Altınova Orta,94744-532
1878,Muratpaşa,Güzeloba,0-32565802
1879,Kepez,Şafak,34579-39468
1880,Kepez,Kültür,34579-39467
1881,Kepez,Şafak,34579-39458
1882,Kepez,Kültür,34579-39466
1883,Muratpaşa,Güvenlik,34579-39457
1884,Kepez,Yeşilyurt,34579-39430
1885,Kepez,Ünsal,34579-39426
1886,Kepez,Gülveren,34579-39465
1887,Kepez,Şafak,34579-39459
1888,Kepez,Yeni Doğan,34579-39256
1889,Kepez,Şafak,34579-39249
1890,Muratpaşa,Yeşilbahçe,108071-155
1891,Kepez,Ahatlı,34579-39098
1892,Kepez,Yeşilyurt,34579-39463
1893,Kepez,Yeşilyurt,34579-39402
1894,Kepez,Yeşilyurt,34579-39453
1895,Kepez,Ahatlı,34579-39099
1896,Muratpaşa,Güzeloba,108071-100
1897,Kepez,Şafak,34579-39390
1898,Kepez,Yeni Doğan,34579-39255
1899,Kepez,Gülveren,34579-39454
1900,Kepez,Yeni Doğan,34579-39441
1901,Kepez,Kültür,34579-39439
1902,Muratpaşa,Güzeloba,108071-131
1903,Kepez,Gülveren,34579-39404
1904,Kepez,Ahatlı,34579-39461
1905,Kepez,Ahatlı,34579-39181
1906,Kepez,Şafak,34579-39444
1907,Muratpaşa,Güzeloba,108071-110
1908,Kepez,Ahatlı,34579-39104
1909,Kepez,Ahatlı,34579-39096
1910,Kepez,Gülveren,34579-39126
1911,Aksu,Kemerağzı,108071-88
1912,Kepez,Ahatlı,34579-39424
1913,Kepez,Yeşilyurt,34579-39437
1914,Kepez,Kültür,34579-39442
1915,Muratpaşa,Güzeloba,108071-101
1916,Kepez,Duraliler,34579-39415
1917,Muratpaşa,Güzeloba,108071-158
1918,Kepez,Yeni Doğan,34579-39324
1919,Kepez,Ahatlı,34579-39100
1920,Muratpaşa,Yeşilbahçe,108071-87
1921,Kepez,Yeşilyurt,34579-39434
1922,Kepez,Kültür,34579-39431
1923,Kepez,Kültür,34579-39417
1924,Kepez,Ahatlı,34579-39411
1925,Muratpaşa,Fener,108071-180
1926,Kepez,Ahatlı,34579-39200
1927,Kepez,Yeşilyurt,34579-39296
1928,Kepez,Şafak,34579-39028
1929,Kepez,Ahatlı,34579-39204
1930,Kepez,Kültür,34579-39416
1931,Kepez,Kültür,34579-39418
1932,Kepez,Duraliler,34579-39313
1933,Kepez,Şafak,34579-39029
1934,Aksu,Kemerağzı,108071-90
1935,Aksu,Kemerağzı,108071-89
1936,Kepez,Ünsal,34579-39228
1937,Kepez,Ahatlı,34579-39294
1938,Kepez,Kültür,34579-39414
1939,Kepez,Yeşilyurt,34579-39283
1940,Kepez,Kültür,34579-39277
1941,Kepez,Yeni Doğan,34579-39352
1942,Kepez,Kültür,34579-39335
1943,Kepez,Ahatlı,34579-39267
1944,Kepez,Kültür,34579-39333
1945,Kepez,Yeşilyurt,34579-39386
1946,Kepez,Fabrikalar,34579-39397
1947,Kepez,Şafak,34579-39275
1948,Kepez,Yeşilyurt,34579-39365
1949,Kepez,Ahatlı,34579-39261
1950,Kepez,Gülveren,34579-39237
1951,Kepez,Yeşilyurt,34579-39341
1952,Kepez,Gülveren,34579-39339
